City_ID,City,Country,Lat,Lng,Max Temp (F),% Humidity,% Cloudiness,Wind Speed (mph),Current Description
0,Norilsk,RU,69.3535,88.2027,-32.37,79,37,7.05,scattered clouds
1,Camacupa,AO,-12.0167,17.4833,60.84,84,100,4.25,overcast clouds
2,Hithadhoo,MV,-0.6,73.0833,81.97,74,66,21.23,broken clouds
3,Pevek,RU,69.7008,170.3133,-18.4,88,99,0.94,overcast clouds
4,Ushuaia,AR,-54.8,-68.3,51.8,76,40,4.61,light rain
5,Primo Tapia,MX,32.22,-116.9172,62.6,77,75,6.91,mist
6,Solnechnyy,RU,50.7214,136.6319,-4.16,85,100,5.64,overcast clouds
7,Albany,US,42.6001,-73.9662,33.01,71,100,2.89,overcast clouds
8,Rikitea,PF,-23.1203,-134.9692,77.76,76,92,12.82,overcast clouds
9,Mataura,NZ,-46.1927,168.8643,78.93,42,10,3.51,clear sky
10,Ribeira Grande,PT,38.5167,-28.7,62.55,84,99,18.5,overcast clouds
11,Torbay,CA,47.6666,-52.7314,30,86,90,4.61,overcast clouds
12,Punta Arenas,CL,-53.15,-70.9167,53.6,71,90,11.5,overcast clouds
13,Mudgee,AU,-32.5943,149.5871,90,32,0,11.5,clear sky
14,Santa Maria,BR,-29.6842,-53.8069,68,77,40,6.91,scattered clouds
15,Nome,US,64.5011,-165.4064,17.6,93,90,11.5,mist
16,Aracataca,CO,10.5918,-74.1898,75.99,82,52,0.72,broken clouds
17,Bredasdorp,ZA,-34.5322,20.0403,68,83,100,12.66,overcast clouds
18,East London,ZA,-33.0153,27.9116,72.9,92,100,14.81,light rain
19,Praia Da Vitoria,PT,38.7333,-27.0667,60.8,94,75,11.88,broken clouds
20,Port Elizabeth,ZA,-33.918,25.5701,69.8,88,90,9.22,overcast clouds
21,Lebu,CL,-37.6167,-73.65,54.48,86,0,14.83,clear sky
22,Bundaberg,AU,-24.85,152.35,86,48,40,12.66,scattered clouds
23,Severo-Kurilsk,RU,50.6789,156.125,21.81,82,29,3.51,scattered clouds
24,Kahului,US,20.8947,-156.47,82.4,57,40,10.36,scattered clouds
25,Westport,US,41.1415,-73.3579,36,69,1,3.44,clear sky
26,Northam,GB,51.0333,-4.2167,50,100,100,8.99,light rain
27,Gwadar,PK,25.1216,62.3254,63.97,28,0,5.01,clear sky
28,Cape Town,ZA,-33.9258,18.4232,69.8,78,0,12.66,clear sky
29,Kruisfontein,ZA,-34.0033,24.7314,70,91,100,3,overcast clouds
30,Jamestown,US,42.097,-79.2353,37,75,1,8.05,clear sky
31,Busselton,AU,-33.65,115.3333,70,48,100,8.01,overcast clouds
32,Dikson,RU,73.5069,80.5464,-29.02,84,0,7.43,clear sky
33,Klaksvik,FO,62.2266,-6.589,39.2,81,20,24.16,few clouds
34,Turayf,SA,31.6725,38.6637,50,62,0,11.5,clear sky
35,Kapaa,US,22.0752,-159.319,77,78,20,19.57,light rain
36,New Norfolk,AU,-42.7826,147.0587,73,50,61,4,broken clouds
37,Bluff,NZ,-46.6,168.3333,61.3,79,8,5.12,clear sky
38,Puerto Leguizamo,CO,-0.1934,-74.7819,72.41,85,100,0.4,overcast clouds
39,Hamilton,US,39.1834,-84.5333,42.01,65,1,4.61,clear sky
40,Butaritari,KI,3.0707,172.7902,81.52,77,46,18.84,scattered clouds
41,Zhangjiakou,CN,40.81,114.8794,19.92,85,100,5.99,overcast clouds
42,San Cristobal,VE,7.7669,-72.225,63.5,85,100,1.88,overcast clouds
43,Myanaung,MM,18.2833,95.3167,69.62,64,0,2.13,clear sky
44,Pueblo,US,38.2545,-104.6091,57.2,28,1,21.85,clear sky
45,Port Hardy,CA,50.6996,-127.4199,42.8,93,75,3.44,broken clouds
46,Sorland,NO,67.667,12.6934,35.06,85,87,3.47,overcast clouds
47,Yerbogachen,RU,61.2767,108.0108,-15.68,87,100,10.56,light snow
48,Biltine,TD,14.5333,20.9167,64.72,27,0,10.16,clear sky
49,Ushtobe,KZ,45.2514,77.9838,0.88,93,100,6.17,overcast clouds
50,Tuktoyaktuk,CA,69.4541,-133.0374,-14.8,84,75,3.02,light snow
51,Artemisa,CU,22.814,-82.7561,71.6,94,75,9.22,broken clouds
52,Belaya Gora,RU,68.5333,146.4167,-34.2,82,100,3.36,overcast clouds
53,Lorengau,PG,-2.0226,147.2712,85.96,66,91,8.93,overcast clouds
54,Hermanus,ZA,-34.4187,19.2345,71.01,85,66,7,broken clouds
55,Banda Aceh,ID,5.5577,95.3222,80.02,78,81,9.91,broken clouds
56,Richards Bay,ZA,-28.783,32.0377,72.73,89,85,3.29,overcast clouds
57,Airai,TL,-8.9266,125.4092,75.22,75,100,1.66,overcast clouds
58,Hobart,AU,-42.8794,147.3294,72,42,75,9.22,broken clouds
59,Taltal,CL,-25.4,-70.4833,64.47,75,12,1.79,few clouds
60,Pavlovsk,RU,50.4578,40.1081,31.48,97,100,13.33,overcast clouds
61,Haimen,CN,23.1935,116.6142,51.8,58,0,2.24,haze
62,Ukiah,US,39.1502,-123.2078,57.99,94,1,2.35,clear sky
63,Kandry,RU,54.5667,54.1167,-1.73,90,100,9.44,overcast clouds
64,Marawi,PH,7.9986,124.2928,79.56,72,100,1.86,overcast clouds
65,Kulhudhuffushi,MV,6.6221,73.07,80.04,78,100,8.3,moderate rain
66,Abu Kamal,SY,34.4506,40.9171,59.68,33,100,13.38,overcast clouds
67,Cidreira,BR,-30.1811,-50.2056,70.65,72,21,15.73,few clouds
68,Rorvik,NO,64.8621,11.2373,20.91,90,0,9.44,clear sky
69,Port Said,EG,31.2565,32.2841,57.2,88,40,10.36,scattered clouds
70,Barranca,PE,-10.75,-77.7667,69.85,86,100,5.08,overcast clouds
71,Hilo,US,19.7297,-155.09,80.6,61,20,3.44,few clouds
72,Tiksi,RU,71.6872,128.8694,-31.65,82,100,3.47,overcast clouds
73,Porto Velho,BR,-8.7619,-63.9039,75.2,94,75,2.3,light rain
74,Bolobo,CD,-2.1667,16.2333,70.72,93,92,5.44,moderate rain
75,Santa Vitoria Do Palmar,BR,-33.5189,-53.3681,63.61,61,0,9.95,clear sky
76,Bembereke,BJ,10.2283,2.6634,65.43,23,0,5.01,clear sky
77,Lerwick,GB,60.1545,-1.1494,39.2,65,40,18.41,scattered clouds
78,Fairbanks,US,64.8378,-147.7164,-4,77,75,5.75,broken clouds
79,Houston,US,29.7633,-95.3633,53.6,50,1,8.05,clear sky
80,Atuona,PF,-9.8,-139.0333,77.83,77,17,14.9,few clouds
81,Caala,AO,-12.8525,15.5606,56.32,84,100,4.05,overcast clouds
82,Lagoa,PT,39.05,-27.9833,60.53,91,74,18.45,broken clouds
83,Emilio Carranza,MX,19.9711,-96.6114,62.26,72,58,7.67,broken clouds
84,Christchurch,NZ,-43.5333,172.6333,73.4,60,9,8.05,clear sky
85,Zhigansk,RU,66.7697,123.3711,-40.18,80,88,11.83,overcast clouds
86,Arraial Do Cabo,BR,-22.9661,-42.0278,75.96,89,22,18.88,few clouds
87,Camacha,PT,33.0833,-16.3333,57.2,67,20,10.36,few clouds
88,Puerto Ayora,EC,-0.7393,-90.3518,75.99,92,90,7,overcast clouds
89,Vaini,TO,-21.2,-175.2,86,79,40,8.05,scattered clouds
90,Nishihara,JP,26.1842,127.7558,66.2,39,75,10.36,broken clouds
91,Chokurdakh,RU,70.6333,147.9167,-27.78,86,100,6.33,overcast clouds
92,Mana,GF,5.6592,-53.7767,77.14,86,100,11.68,overcast clouds
93,Kaitangata,NZ,-46.2817,169.8464,64,79,38,15.99,scattered clouds
94,Codrington,AU,-38.2667,141.9667,66.13,61,93,11.79,overcast clouds
95,Valparaiso,CL,-33.0393,-71.6273,57.2,88,75,4.61,broken clouds
96,Mahebourg,MU,-20.4081,57.7,75.2,94,40,5.75,scattered clouds
97,Kodiak,US,57.79,-152.4072,32,86,75,4.61,broken clouds
98,Laguna De Perlas,NI,12.3429,-83.6712,75.99,87,74,10.47,broken clouds
99,Pisco,PE,-13.7,-76.2167,69.8,83,0,13.8,clear sky
100,Asmara,ER,15.3333,38.9333,48.99,78,3,0.47,clear sky
101,Kiunga,PG,-6.1219,141.2906,90.41,59,94,0.74,overcast clouds
102,Schenectady,US,42.8334,-74.0829,32,74,1,3.09,clear sky
103,Thompson,CA,55.7435,-97.8558,26.6,100,90,4.61,overcast clouds
104,Katsuura,JP,35.1333,140.3,50,62,20,6.91,few clouds
105,Kushiro,JP,42.975,144.3747,35.6,87,75,16.11,broken clouds
106,Yellowknife,CA,62.456,-114.3525,12.2,92,75,10.36,light snow
107,Folldal,NO,62.1325,9.9968,7.18,81,0,1.95,clear sky
108,Bay Roberts,CA,47.5999,-53.2648,28.99,88,45,3.83,scattered clouds
109,Fairview,US,40.8126,-73.999,41,56,75,4.61,broken clouds
110,Port Alfred,ZA,-33.5906,26.891,66.99,97,100,1.99,light rain
111,Bambous Virieux,MU,-20.3428,57.7575,77,94,40,5.75,scattered clouds
112,Saint-Philippe,RE,-21.3585,55.7679,78.8,89,90,13.33,light rain
113,Surt,LY,31.2089,16.5887,56.97,71,33,22.37,scattered clouds
114,Calabozo,VE,8.9242,-67.4293,77.38,56,94,5.61,overcast clouds
115,Saskylakh,RU,71.9167,114.0833,-45.27,75,63,9.93,broken clouds
116,Barrow,US,71.2906,-156.7887,-9.4,77,1,17.27,clear sky
117,Atbasar,KZ,51.8,68.3333,-16.74,84,0,4.85,clear sky
118,Grenada,ES,37.1882,-3.6067,35.01,93,0,1.14,clear sky
119,Qaqortoq,GL,60.7167,-46.0333,28.4,86,90,3.44,light snow
120,Kjollefjord,NO,70.9457,27.3465,31.17,97,100,18.07,snow
121,Castro,BR,-24.7911,-50.0119,64.47,94,96,9.19,overcast clouds
122,Cascais,PT,38.6979,-9.4215,50,88,0,10.13,clear sky
123,Georgetown,MY,5.4112,100.3354,78.8,88,20,2.3,few clouds
124,Komsomolskiy,UZ,40.4272,71.7189,26.6,80,0,4.61,mist
125,Oyama,JP,36.3,139.8,50,46,20,8.05,few clouds
126,Marsaxlokk,MT,35.8419,14.5431,57,87,20,6.91,few clouds
127,Girona,ES,41.9831,2.8249,41,93,0,2.48,clear sky
128,Monrovia,LR,6.3005,-10.7969,77,100,75,4.63,broken clouds
129,Arthur,US,39.7148,-88.4723,43,78,100,5.01,overcast clouds
130,Hudson Bay,CA,52.85,-102.3842,33.76,97,100,1.61,overcast clouds
131,Mechetinskaya,RU,46.7713,40.456,35.17,87,100,9.15,snow
132,Marsabit,KE,2.3284,37.9899,65.16,53,2,5.14,clear sky
133,Tocopilla,CL,-22.092,-70.1979,67.95,64,46,7.54,scattered clouds
134,Berlevag,NO,70.8578,29.0864,23.61,95,100,24.38,overcast clouds
135,Fare,PF,-16.7,-151.0167,81.54,75,74,15.7,light rain
136,Vanavara,RU,60.34,102.2797,-7.83,89,100,11.14,overcast clouds
137,Umm Lajj,SA,25.0213,37.2685,73.98,35,26,6.33,scattered clouds
138,Santa Cruz De La Palma,ES,28.6835,-17.7642,62.6,67,90,6.91,overcast clouds
139,Salinopolis,BR,-0.6136,-47.3561,79.07,85,91,11.5,overcast clouds
140,Provideniya,RU,64.3833,-173.3,5,72,75,6.71,broken clouds
141,Boromo,BF,11.75,-2.9333,71.15,19,0,7.65,clear sky
142,Teya,RU,60.3778,92.6267,-11.49,86,100,9.37,light snow
143,Santiago De Cuba,CU,20.0247,-75.8219,73.4,94,20,5.75,few clouds
144,Madimba,TZ,-10.4,40.3333,78.49,87,8,8.37,light rain
145,Caucasia,CO,7.9865,-75.1935,77.14,88,100,5.68,light rain
146,Vila Franca Do Campo,PT,37.7167,-25.4333,61,94,75,12.66,broken clouds
147,Maputo,MZ,-25.9653,32.5892,78.01,88,20,4.61,light rain
148,Vila Velha,BR,-20.3297,-40.2925,77,83,20,3.44,light rain
149,Pasca,CO,4.3072,-74.3006,55.4,88,40,2.3,scattered clouds
150,Victoria,HK,22.2855,114.1577,61,54,53,5.46,broken clouds
151,Upernavik,GL,72.7868,-56.1549,10.83,96,100,17.98,overcast clouds
152,Pangkalanbuun,ID,-2.6833,111.6167,79.57,88,100,4.18,moderate rain
153,Akhtanizovskaya,RU,45.32,37.1,33.8,80,100,8.95,overcast clouds
154,Padang,ID,-0.9492,100.3543,82.94,62,74,2.64,broken clouds
155,Sao Joao Da Barra,BR,-21.6403,-41.0511,76.08,87,0,13.13,clear sky
156,Wasilla,US,61.5814,-149.4394,30.2,59,75,6.91,broken clouds
157,Laguna,US,38.421,-121.4238,61,77,1,11.5,haze
158,Sakakah,SA,29.9697,40.2064,57.2,38,0,12.66,clear sky
159,Naze,JP,28.3667,129.4833,62.6,51,40,11.5,scattered clouds
160,Tuatapere,NZ,-46.1333,167.6833,65.12,70,34,9.57,scattered clouds
161,Khatanga,RU,71.9667,102.5,-35.14,82,97,12.64,overcast clouds
162,Ibra,OM,22.6906,58.5334,48.25,77,0,1.63,clear sky
163,Nikolskoye,RU,59.7035,30.7861,6.8,78,20,8.95,light snow
164,Ahipara,NZ,-35.1667,173.1667,72.37,64,10,6.2,clear sky
165,Inuvik,CA,68.3499,-133.7218,-16.6,76,56,2.19,broken clouds
166,Avarua,CK,-21.2078,-159.775,84.2,74,90,17.27,overcast clouds
167,Vostok,RU,46.4856,135.8833,0.32,90,100,6.55,snow
168,Abong Mbang,CM,3.9833,13.1833,66.49,80,98,3.4,overcast clouds
169,Nabire,ID,-3.3667,135.4833,83.59,78,100,1.74,moderate rain
170,Te Anau,NZ,-45.4167,167.7167,75.97,41,1,4.14,clear sky
171,Kloulklubed,PW,7.0419,134.2556,84.2,79,90,8.05,light rain
172,Qaanaaq,GL,77.484,-69.3632,-2.9,78,0,4,clear sky
173,Nelson Bay,AU,-32.7167,152.15,88,54,40,6.91,scattered clouds
174,Isangel,VU,-19.55,169.2667,87.8,79,75,9.22,broken clouds
175,Marsh Harbour,BS,26.5412,-77.0636,72.93,74,100,8.1,overcast clouds
176,Bethel,US,41.3712,-73.414,33.01,80,1,4.61,clear sky
177,Azul,AR,-36.777,-59.8585,66.99,48,50,8.99,scattered clouds
178,Dandong,CN,40.1292,124.3947,23.77,75,0,5.5,clear sky
179,Ndende,GA,-2.4008,11.3581,69.98,96,99,1.28,overcast clouds
180,Hovd,MN,48.0056,91.6419,2.61,75,100,7.34,overcast clouds
181,Kavieng,PG,-2.5744,150.7967,85.41,69,52,13.31,broken clouds
182,Deer Lake,CA,49.1667,-57.4316,28.4,86,90,2.3,light snow
183,Caxito,AO,-8.5785,13.6643,75.2,88,40,6.91,scattered clouds
184,Garowe,SO,8.4054,48.4845,62.69,78,1,8.84,clear sky
185,Aldan,RU,58.6031,125.3894,-28.35,78,29,1.92,scattered clouds
186,Gillette,US,44.2911,-105.5022,39.99,28,75,36.82,broken clouds
187,Leningradskiy,RU,69.3833,178.4167,-9.09,90,100,5.82,light snow
188,Ust-Omchug,RU,61.15,149.6333,-24.36,82,99,3.22,overcast clouds
189,Rio Grande,BR,-32.035,-52.0986,68,70,0,1.99,clear sky
190,Conde,BR,-7.2597,-34.9075,77,88,20,3.44,few clouds
191,Taldan,RU,53.6667,124.8,-16.53,83,59,3.18,broken clouds
192,Bosaso,SO,11.2842,49.1816,70.09,74,8,2.01,clear sky
193,Bakel,SN,14.905,-12.4568,73.62,20,0,10.11,clear sky
194,Panama City,PA,8.9936,-79.5197,78.8,83,90,6.91,overcast clouds
195,Beloha,MG,-25.1667,45.05,72.84,97,13,5.77,few clouds
196,Merauke,ID,-8.4667,140.3333,86.59,68,98,6.58,light rain
197,Durgapur,IN,23.4833,87.3167,53.6,94,0,2.62,fog
198,Sa Kaeo,TH,13.75,102.3333,72.5,43,0,4.43,clear sky
199,Half Moon Bay,US,37.4636,-122.4286,61,94,75,9.22,mist
200,Norman Wells,CA,65.282,-126.8329,3.2,85,75,17.27,light snow
201,Flin Flon,CA,54.7682,-101.865,25.52,98,100,8.21,overcast clouds
202,Batagay-Alyta,RU,67.8006,130.4114,-41.12,71,1,1.19,clear sky
203,Hay River,CA,60.8156,-115.7999,19.4,93,100,17.27,light snow
204,Semypolky,UA,50.7167,30.9333,28,86,90,2.24,light snow
205,Fayaoue,NC,-20.65,166.5333,76.39,91,100,11.68,light rain
206,Kalmunai,LK,7.4167,81.8167,77.16,88,99,0.92,overcast clouds
207,Linfen,CN,36.0889,111.5189,39.94,54,0,1.41,clear sky
208,Tamandare,BR,-8.7597,-35.1047,77.49,78,100,7.87,overcast clouds
209,Talcahuano,CL,-36.7167,-73.1167,57.2,72,0,13.8,clear sky
210,Oda,JP,35.1833,132.5,53.6,54,20,9.22,few clouds
211,Ostersund,SE,63.1792,14.6357,6.8,92,90,2.3,light snow
212,Beringovskiy,RU,63.05,179.3167,-10.82,89,100,9.73,overcast clouds
213,Faanui,PF,-16.4833,-151.75,81.73,75,100,16.55,light rain
214,Axim,GH,4.8699,-2.2405,78.55,85,100,6.82,overcast clouds
215,Katherine,AU,-14.4667,132.2667,91.4,55,99,4.61,overcast clouds
216,Tautira,PF,-17.7333,-149.15,87.8,58,40,11.5,scattered clouds
217,Deputatskiy,RU,69.3,139.9,-36.4,82,87,1.52,overcast clouds
218,San Quintin,MX,30.4833,-115.95,61.16,38,0,5.19,clear sky
219,Eyl,SO,7.9803,49.8164,70.79,75,9,17.94,clear sky
220,Klamath Falls,US,42.2249,-121.7817,44.6,57,1,3.44,clear sky
221,Kabardinka,RU,44.6514,37.9428,42.01,87,100,5.84,light rain
222,Angoram,PG,-4.0625,144.0661,88.14,67,99,2.89,light rain
223,Ko Samui,TH,9.5357,99.9357,75.2,83,20,7.43,few clouds
224,Colares,PT,38.7992,-9.4469,50,88,0,10,clear sky
225,Quatre Cocos,MU,-20.2078,57.7625,77,94,40,5.75,scattered clouds
226,Orlik,RU,52.5178,99.825,-19.3,77,30,2.62,scattered clouds
227,Shingu,JP,33.7333,135.9833,51.8,58,20,4.61,few clouds
228,Ilo,PE,-17.6394,-71.3375,69.51,75,99,4.63,overcast clouds
229,Boffa,GN,10.1667,-14.0333,72.07,89,0,2.8,clear sky
230,Tasiilaq,GL,65.6145,-37.6368,32,86,75,28.77,snow
231,Acarau,BR,-2.8856,-40.12,78.44,81,100,12.41,light rain
232,Salalah,OM,17.0151,54.0924,71.6,30,0,9.22,clear sky
233,Caravelas,BR,-17.7125,-39.2481,75.09,84,0,5.17,clear sky
234,Nizhneangarsk,RU,55.7833,109.55,-12.32,81,96,2.75,overcast clouds
235,Miragoane,HT,18.4423,-73.0876,77.63,65,46,3.6,scattered clouds
236,Lavrentiya,RU,65.5833,-171,-1.5,91,100,4.7,overcast clouds
237,Giyani,ZA,-23.3025,30.7187,71.46,91,30,7.49,scattered clouds
238,Hasaki,JP,35.7333,140.8333,50,53,20,5.75,few clouds
239,Flinders,AU,-34.5833,150.8552,89.01,61,0,4,clear sky
240,Muli,MV,2.9167,73.5667,81.95,77,100,16.31,overcast clouds
241,Adrar,MR,20.5022,-10.0711,59.77,29,0,14.07,clear sky
242,Naryan-Mar,RU,67.6713,53.087,-10.03,86,87,11.79,overcast clouds
243,Okhotsk,RU,59.3833,143.3,-12.55,81,0,9.93,clear sky
244,Nemuro,JP,43.3236,145.575,26.6,93,75,24.05,light snow
245,Abha,SA,18.2164,42.5053,46.4,93,0,2.84,clear sky
246,Samarai,PG,-10.6167,150.6667,85.17,72,100,5.12,moderate rain
247,Semme,FR,46.1963,1.5007,42.8,93,90,7,fog
248,North Shore,NZ,-36.8,174.75,81,54,5,5.99,clear sky
249,Mahmudabad,IN,27.3,81.1167,42.8,93,90,3.38,fog
250,Grindavik,IS,63.8424,-22.4338,39.2,87,40,13.8,scattered clouds
251,San Carlos Del Zulia,VE,9,-71.9135,74.59,82,90,1.41,overcast clouds
252,Talnakh,RU,69.4865,88.3972,-27.13,78,1,9.04,clear sky
253,Nanortalik,GL,60.1432,-45.2371,29.37,94,100,11.34,light snow
254,Mar Del Plata,AR,-38.0023,-57.5575,64,63,0,12.66,clear sky
255,Bathsheba,BB,13.2167,-59.5167,80.6,65,20,17.27,few clouds
256,Doha,QA,25.2867,51.5333,57.2,82,0,3.44,clear sky
257,Korla,CN,41.7597,86.1469,18.21,81,27,4.03,scattered clouds
258,Vao,NC,-22.6667,167.4833,77.27,85,100,17.72,overcast clouds
259,Alekseyevskoye,RU,55.3071,50.1135,-7.6,77,90,4.47,light snow
260,Ormara,PK,25.2088,64.6357,67.51,39,92,3.83,overcast clouds
261,Chaupal,IN,30.95,77.5833,35.26,57,90,3.62,overcast clouds
262,Nauta,PE,-4.5061,-73.5757,72.21,98,100,1.86,overcast clouds
263,Abapo,BO,-18.8333,-63.4667,68.49,93,100,1.72,overcast clouds
264,Brae,GB,60.3964,-1.353,39.2,65,40,18.41,scattered clouds
265,Bacolod,PH,10.6667,122.95,81.28,82,82,9.95,broken clouds
266,Pangnirtung,CA,66.1451,-65.7125,-7.04,75,98,0.63,overcast clouds
267,Saldanha,ZA,-33.0117,17.9442,68.07,83,0,5.46,clear sky
268,Koroni,GR,36.8,21.95,50,100,1,4.61,clear sky
269,Ipixuna,BR,-1.7625,-48.8043,75.2,88,75,3.44,light rain
270,Khani,GE,41.9563,42.9566,51.8,93,90,4.61,overcast clouds
271,Saint-Leu,RE,-21.15,55.2833,78.8,89,90,3.15,overcast clouds
272,Quelimane,MZ,-17.8786,36.8883,75.2,83,0,0.18,light rain
273,Grajau,BR,-5.8194,-46.1386,73.76,94,95,2.59,light rain
274,Chyhyryn,UA,49.0838,32.6555,22.46,96,17,7.31,few clouds
275,Hervey Bay,AU,-25.2986,152.8535,84.99,50,1,5.99,clear sky
276,Kuusamo,FI,65.9667,29.1833,-31,75,0,1.14,clear sky
277,Esperance,AU,-33.8667,121.9,64.4,48,75,9.22,broken clouds
278,Carballo,ES,43.213,-8.691,42.8,87,90,6.91,overcast clouds
279,North Bend,US,43.4065,-124.2243,52,93,1,3.44,mist
280,Zlynka,RU,52.4267,31.7378,19.4,86,75,6.71,light snow
281,Lahij,YE,13.1667,44.5833,65.34,67,0,2.95,clear sky
282,Roebourne,AU,-20.7833,117.1333,104.22,20,9,1.1,clear sky
283,Carnarvon,AU,-24.8667,113.6333,80.6,83,72,14.97,broken clouds
284,Bairiki,KI,1.3292,172.9752,84.2,70,20,16.11,few clouds
285,Wick,GB,58.4333,-3.0833,42.8,75,90,20.71,overcast clouds
286,Muros,ES,42.7762,-9.0603,45,88,34,1.01,scattered clouds
287,Portland,US,45.5234,-122.6762,46.99,71,90,5.75,overcast clouds
288,Chegdomyn,RU,51.1167,133.0167,-3.15,88,100,1.32,light snow
289,Ondjiva,AO,-17.0667,15.7333,70.88,61,100,3.02,overcast clouds
290,Seoul,KR,37.5683,126.9778,32,59,20,1.14,few clouds
291,Bubaque,GW,11.2833,-15.8333,77.49,70,0,9.06,clear sky
292,Bouza,NE,14.4229,6.0428,66.34,24,0,10.16,clear sky
293,Labuhan,ID,-6.8844,112.2051,81.25,77,100,6.85,overcast clouds
294,Atasu,KZ,48.6814,71.6433,-10.55,82,0,9.1,clear sky
295,Itoman,JP,26.1247,127.6694,66,52,75,12.66,broken clouds
296,Cedar City,US,37.6775,-113.0619,42.8,49,1,2.15,clear sky
297,Gimli,CA,50.6336,-96.9907,26.6,74,100,9.22,overcast clouds
298,Svetlaya,RU,46.5389,138.3297,17.08,79,100,14.94,overcast clouds
299,Poum,NC,-20.2333,164.0167,82.67,79,98,14.52,moderate rain
300,Nerchinskiy Zavod,RU,51.3088,119.61,-23.31,85,6,1.81,clear sky
301,Cherskiy,RU,68.75,161.3,-22.86,86,100,3.89,overcast clouds
302,Labuan,MY,5.2767,115.2417,75.2,94,40,3.44,heavy intensity rain
303,Sisimiut,GL,66.9395,-53.6735,17.6,96,100,4.72,light snow
304,Lata,PT,40.1629,-8.3327,46.4,87,75,4.61,broken clouds
305,Guarapari,BR,-20.6667,-40.4975,77,83,20,3.44,few clouds
306,Yarada,IN,17.65,83.2667,68,100,13,2.3,fog
307,Campo Gobierno,MX,24.6536,-107.5411,68,40,20,5.75,few clouds
308,Port Blair,IN,11.6667,92.75,79.99,68,0,11.03,clear sky
309,High Rock,BS,26.6208,-78.2833,68,88,90,9.44,overcast clouds
310,Chuy,UY,-33.6971,-53.4616,62.91,62,0,9.4,clear sky
311,Saraland,US,30.8207,-88.0706,43,75,1,4.61,clear sky
312,Hof,DE,50.3167,11.9167,28,69,52,4,broken clouds
313,Puerto Colombia,CO,10.9878,-74.9547,78.8,83,20,10.36,few clouds
314,Keetmanshoop,NA,-26.5833,18.1333,71.6,88,98,2.3,moderate rain
315,Xining,CN,36.6167,101.7667,19.11,55,10,2.42,clear sky
316,Marystown,CA,47.1666,-55.1483,32.79,93,0,5.08,clear sky
317,Stryn,NO,61.9045,6.7226,17.01,66,0,4.52,clear sky
318,Berekum,GH,7.4534,-2.584,71.94,80,0,2.77,clear sky
319,Souillac,MU,-20.5167,57.5167,75.2,94,40,5.75,scattered clouds
320,Sao Filipe,CV,14.8961,-24.4956,71.67,71,76,9.26,broken clouds
321,Ust-Kuyga,RU,70.0167,135.6,-41.55,77,16,1.07,few clouds
322,Vilhena,BR,-12.7406,-60.1458,70.41,97,95,3.06,overcast clouds
323,Batticaloa,LK,7.7102,81.6924,77.4,88,100,1.45,overcast clouds
324,Ilulissat,GL,69.2167,-51.1,24.8,86,90,13.8,light snow
325,Barabai,ID,-2.5833,115.3833,77.81,91,100,1.74,moderate rain
326,Namibe,AO,-15.1961,12.1522,71.89,69,100,2.98,overcast clouds
327,Monze,ZM,-16.2833,27.4833,63.55,96,99,2.75,overcast clouds
328,Iqaluit,CA,63.7506,-68.5145,-13,70,20,11.5,few clouds
329,Mayo,US,38.8876,-76.5119,37.4,100,1,5.82,mist
330,Yabelo,ET,4.8833,38.0833,56.46,49,55,6.55,broken clouds
331,Haines Junction,CA,60.7522,-137.5108,5,92,34,1.14,scattered clouds
332,Hvolsvollur,IS,63.7533,-20.2243,35.01,98,100,1.01,overcast clouds
333,Chifeng,CN,42.2683,118.9636,6.96,90,100,2.64,overcast clouds
334,Desaguadero,PE,-16.5656,-69.0417,49.95,72,100,9.26,overcast clouds
335,Lahad Datu,MY,5.0268,118.327,79.72,84,100,5.84,overcast clouds
336,Roald,NO,62.5833,6.1333,24.01,86,0,9.22,clear sky
337,Turukhansk,RU,65.8167,87.9833,-23.87,85,94,8.14,overcast clouds
338,Nevel,RU,56.0209,29.9284,15.93,96,100,10.49,snow
339,Luchenza,MW,-16.0069,35.3095,69.06,90,100,1.41,overcast clouds
340,Mount Isa,AU,-20.7333,139.5,95,21,4,16.11,clear sky
341,Charlestown,AU,-32.95,151.6667,93,54,40,6.91,scattered clouds
342,Guthrie,US,35.8789,-97.4253,50,49,1,12.66,clear sky
343,Zgorzelec,PL,51.1494,15.0084,30,85,100,8.99,light snow
344,Saint-Pierre,RE,-21.3393,55.4781,78.8,89,90,7.07,overcast clouds
345,Ancud,CL,-41.8697,-73.8203,54,81,0,2.3,clear sky
346,Longyearbyen,SJ,78.2186,15.6401,14.65,91,100,1.83,overcast clouds
347,Menongue,AO,-14.6585,17.691,64.22,94,100,2.13,moderate rain
348,Atagay,RU,55.1033,99.3875,-5.1,88,100,3.18,overcast clouds
349,Karera,IN,25.4667,78.15,47.86,48,0,1.63,clear sky
350,Baykit,RU,61.67,96.37,-4.29,87,100,8.46,light snow
351,Upington,ZA,-28.4478,21.2561,75.2,73,0,3.44,clear sky
352,Fort Nelson,CA,58.8053,-122.7002,17.6,100,75,3.44,broken clouds
353,Puerto Escondido,MX,15.85,-97.0667,75.2,78,40,4.61,scattered clouds
354,Lompoc,US,34.6391,-120.4579,64,82,1,8.9,clear sky
355,Moron,AR,-34.6534,-58.6198,73,60,0,5.99,clear sky
356,Jacksonville,US,30.3322,-81.6556,48.99,87,75,6.91,broken clouds
357,Ocos,GT,14.5094,-92.1933,78.8,94,20,3.94,few clouds
358,Kieta,PG,-6.2167,155.6333,86.5,57,100,5.48,overcast clouds
359,Strezhevoy,RU,60.7333,77.5889,-0.4,85,0,8.95,clear sky
360,Great Malvern,GB,52.1116,-2.3252,52,90,100,1.99,overcast clouds
361,Antalaha,MG,-14.9003,50.2788,75.92,91,43,3.11,light rain
362,Bengkulu,ID,-3.8004,102.2655,80.37,70,100,2.75,overcast clouds
363,Bhinmal,IN,25,72.25,52.23,39,58,4.23,broken clouds
364,Barstow,US,34.8986,-117.0228,57.2,19,1,6.91,clear sky
365,Broome,US,42.2506,-75.833,32,80,1,6.91,clear sky
366,Indramayu,ID,-6.3264,108.32,78.84,81,100,7.16,overcast clouds
367,Tobermory,CA,45.2501,-81.6665,35.6,87,100,10.36,overcast clouds
368,Kuytun,RU,54.3419,101.5036,-12.42,89,100,3.89,overcast clouds
369,Broken Hill,AU,-31.95,141.4333,75.2,31,0,16.11,clear sky
370,Dongkan,CN,33.9997,119.8308,45.95,59,0,7.27,clear sky
371,Kasongo,CD,-4.45,26.6667,68.04,100,100,4.5,light rain
372,Pandan,PH,14.0453,124.1694,77.79,92,100,11.01,light rain
373,Gat,IL,31.61,34.7642,62.01,100,3,9.37,clear sky
374,Sinnamary,GF,5.3833,-52.95,77.67,85,95,13.15,overcast clouds
375,Kavaratti,IN,10.5669,72.642,79.93,74,88,5.21,overcast clouds
376,San Patricio,US,28.017,-97.5169,50,87,40,9.22,scattered clouds
377,Port Lincoln,AU,-34.7333,135.8667,64.67,56,32,12.66,scattered clouds
378,Mackay,AU,-21.15,149.2,86,69,40,17.27,scattered clouds
379,Ozernovskiy,RU,51.5,156.5167,19.6,76,13,1.79,few clouds
380,The Valley,AI,18.217,-63.0578,75.99,94,40,11.5,scattered clouds
381,Narsaq,GL,60.9167,-46.05,28.4,86,90,3.44,light snow
382,Sitka,US,57.0531,-135.33,37.4,87,90,8.05,moderate rain
383,Garissa,KE,-0.4536,39.6401,74.16,77,8,5.86,clear sky
384,Urusha,RU,54.05,122.9,-18.72,82,39,0.98,scattered clouds
385,Misasi,TZ,-3,33.0833,65.34,93,100,8.08,moderate rain
386,Damietta,EG,31.4165,31.8133,57.2,88,40,10.36,scattered clouds
387,Tual,ID,-5.6667,132.75,83.91,76,100,12.35,light rain
388,Berbera,SO,10.4396,45.0143,72.19,57,29,3.85,scattered clouds
389,Cardoso,BR,-20.0819,-49.9142,74.41,89,88,15.77,heavy intensity rain
390,Ponta Do Sol,PT,32.6667,-17.1,51.01,58,85,3,overcast clouds
391,Roma,US,43.2128,-75.4557,32,74,90,5.75,overcast clouds
392,Aswan,EG,24.0934,32.907,64.24,40,8,9.48,clear sky
393,Pineville,US,31.3224,-92.4343,46,70,1,8.05,clear sky
394,Abu Dhabi,AE,24.4667,54.3667,59,82,20,8.05,few clouds
395,Nueva Concepcion,GT,14.2,-91.3,69.01,92,0,1.01,clear sky
396,Port-Gentil,GA,-0.7193,8.7815,78.51,79,98,7.87,overcast clouds
397,Shihezi,CN,44.3,86.0333,9.64,88,93,4.54,overcast clouds
398,Show Low,US,34.2542,-110.0298,33.8,23,1,5.06,clear sky
399,Darhan,MN,49.4867,105.9228,-7.89,87,99,2.75,light snow
400,Bilibino,RU,68.0546,166.4372,-24.81,81,62,5.5,broken clouds
401,Mount Pleasant,US,32.7941,-79.8626,46.99,87,90,8.25,overcast clouds
402,Erzin,TR,36.9559,36.2,59,77,73,1.99,broken clouds
403,Harper,LR,4.375,-7.7169,77.76,85,100,4.68,light rain
404,Yuzhne,UA,46.6221,31.1013,26.6,100,90,12.62,overcast clouds
405,Pestyaki,RU,56.7103,42.6717,-4.65,92,100,14.76,snow
406,Samfya,ZM,-11.3649,29.5565,66.22,92,100,5.06,moderate rain
407,Jamame,SO,0.0722,42.7506,74.57,88,53,8.77,broken clouds
408,Puga,MX,21.5833,-104.8167,66.2,48,90,0.69,overcast clouds
409,Ilebo,CD,-4.3167,20.5833,71.64,92,100,1.03,overcast clouds
410,Mandera,KE,3.9366,41.867,74.5,29,11,6.15,few clouds
411,Comodoro Rivadavia,AR,-45.8667,-67.5,59,94,0,1.14,clear sky
412,Luderitz,NA,-26.6481,15.1594,65.08,89,94,7.31,overcast clouds
413,Gaoual,GN,11.75,-13.2,67.98,25,29,1.61,scattered clouds
414,Kamenka,RU,51.3223,42.7678,33.55,98,100,22.26,heavy snow
415,La Ronge,CA,55.1001,-105.2842,26.6,93,100,11.5,snow
416,Tanout,NE,14.9709,8.8879,63.86,28,0,12.39,clear sky
417,Jamsa,FI,61.8642,25.19,-2.2,84,75,8.05,light snow
418,Langarud,IR,37.197,50.1535,46.4,87,0,4.61,clear sky
419,Svetlyy,RU,54.675,20.1347,32,93,90,8.95,light snow
420,Dafeng,CN,23.4517,108.5881,61.52,28,55,0.89,broken clouds
421,La Tuque,CA,47.4334,-72.7824,28.4,93,100,5.75,light snow
422,Kudahuvadhoo,MV,2.6708,72.8944,81.9,76,98,17.74,overcast clouds
423,Staryy Nadym,RU,65.6118,72.6842,2.16,89,100,17.63,overcast clouds
424,Cabo San Lucas,MX,22.8909,-109.9124,64.4,55,1,9.22,clear sky
425,Magan,ES,39.9683,-3.931,32,100,0,1.14,clear sky
426,Bela Vista Do Paraiso,BR,-22.9967,-51.1906,77,83,40,9.22,scattered clouds
427,Constitucion,CL,-35.3333,-72.4167,53.53,78,0,11.63,clear sky
428,Tulum,MX,20.2167,-87.4667,73.4,94,75,5.32,light rain
429,Tlaltenango,MX,19.1667,-98.3333,57.2,54,40,6.91,scattered clouds
430,Mount Gambier,AU,-37.8333,140.7667,66.2,59,75,14.97,broken clouds
431,Bilma,NE,18.6853,12.9164,63.01,43,100,14.7,overcast clouds
432,Bhilwara,IN,25.35,74.6333,50.88,42,61,1.57,broken clouds
433,Ivdel,RU,60.6911,60.4206,-9.38,83,0,3.13,clear sky
434,Touros,BR,-5.1989,-35.4608,77,83,20,3.44,few clouds
435,Utrera,ES,37.1852,-5.7809,39.99,93,0,2.3,clear sky
436,Gizo,SB,-8.103,156.8419,85.87,70,53,12.88,broken clouds
437,Mujiayingzi,CN,42.1167,118.7833,9.46,89,100,2.35,overcast clouds
438,Santa Isabel,BR,-23.3156,-46.2214,73.4,83,75,6.91,light rain
439,Asyut,EG,27.181,31.1837,50,71,0,11.5,clear sky
440,Mangrol,IN,21.1167,70.1167,64.63,40,0,8.5,clear sky
441,Ustye,RU,59.6304,39.736,-17.88,87,96,7.49,overcast clouds
442,Sovetskiy,RU,61.3614,63.5842,-11.67,86,0,5.44,clear sky
443,Acapulco,MX,16.8634,-99.8901,80.6,74,20,11.5,few clouds
444,Bonavista,CA,48.6499,-53.1147,30,93,100,3.44,overcast clouds
445,Kirakira,SB,-10.4544,161.9205,84.83,72,100,10.63,light rain
446,Areado,BR,-21.3586,-46.1456,67.64,97,100,4.76,moderate rain
447,Kulaman,PH,6.4594,124.0892,85.8,64,87,2.13,overcast clouds
448,Ust-Tsilma,RU,65.441,52.1498,-13.99,84,63,2.53,broken clouds
449,Aykhal,RU,66,111.5,-28.35,82,100,9.28,overcast clouds
450,Aklavik,CA,68.2191,-135.0107,-16.6,76,100,4.56,overcast clouds
451,Chara,RU,56.9064,118.2631,-27.02,68,39,1.12,scattered clouds
452,San Jeronimo,PE,-11.9472,-75.2829,51.71,72,100,3.71,light rain
453,Hirara,JP,24.8,125.2833,68,63,75,11.5,broken clouds
454,Snezhnogorsk,RU,69.1933,33.2531,-11.2,77,0,4.47,clear sky
455,Arkhangelsk,RU,64.5401,40.5433,-29.2,75,0,2.24,clear sky
456,Kisangani,CD,0.5167,25.2,71.15,81,100,1.52,overcast clouds
457,Faya,SA,18.3851,42.4509,46.4,93,0,2.66,clear sky
458,Tarakan,ID,3.3,117.6333,80.6,89,75,3.44,broken clouds
459,Meadow Lake,US,34.8014,-106.5436,46.4,21,75,17.27,broken clouds
460,Anahuac,MX,27.2333,-100.15,50,57,1,12.33,clear sky
461,Perth,AU,-31.9333,115.8333,78.01,36,0,18.41,clear sky
462,Almenara,BR,-16.1836,-40.6944,70.38,91,23,2.55,few clouds
463,Lombardia,MX,19.15,-102.0333,68,49,90,4.59,overcast clouds
464,Tomatlan,MX,19.9333,-105.25,66.76,64,100,1.79,overcast clouds
465,Bomet,KE,-0.7813,35.3416,52.41,93,62,3.04,broken clouds
466,Havoysund,NO,70.9963,24.6622,32,74,75,16.11,snow
467,Black River,JM,18.0264,-77.8487,78.8,78,20,3.44,few clouds
468,Kochi,IN,9.9399,76.2602,77,83,40,5.75,mist
469,San Ramon De La Nueva Oran,AR,-23.1322,-64.326,75.99,91,100,2.59,overcast clouds
470,Khash,IR,28.2211,61.2158,36.41,40,0,2.75,clear sky
471,Mazamari,PE,-11.3258,-74.5308,71.85,79,99,2.62,light rain
472,Hukuntsi,BW,-24,21.75,78.35,52,18,13.27,few clouds
473,Taoudenni,ML,22.6783,-3.9836,58.26,34,0,15.26,clear sky
474,Rochester,US,43.1548,-77.6156,36,69,1,6.91,clear sky
475,Kaoma,ZM,-14.7833,24.8,65.37,97,100,3.51,light rain
476,Shahrud,IR,36.4182,54.9763,36.1,71,0,4.25,clear sky
477,Vestmannaeyjar,IS,63.4427,-20.2734,44.33,75,99,13.87,overcast clouds
478,Olafsvik,IS,64.8945,-23.7142,40.82,80,22,17.63,few clouds
479,Riyadh,SA,24.6877,46.7219,44.6,42,0,3.2,clear sky
480,Sitio Novo Do Tocantins,BR,-5.5183,-47.4611,73.44,93,98,3.15,overcast clouds
481,Vrangel,RU,42.7297,133.0839,18.12,79,3,15.84,clear sky
482,Nador,MA,35.174,-2.9287,46.4,76,0,2.21,clear sky
483,Omboue,GA,-1.5746,9.2618,72.84,91,99,3.85,overcast clouds
484,Cabra,ES,37.4725,-4.4421,30.2,93,0,0.34,clear sky
485,Buenos Aires,AR,-34.6132,-58.3772,73,53,0,21.85,clear sky
486,Caltagirone,IT,37.2368,14.5126,44.01,93,0,5.75,clear sky
487,Ikalamavony,MG,-21.15,46.5833,69.73,81,64,2.73,broken clouds
488,Namatanai,PG,-3.6667,152.4333,85.6,65,100,10.78,overcast clouds
489,Necochea,AR,-38.5473,-58.7368,59,78,34,15.43,scattered clouds
490,Ostrovnoy,RU,68.0531,39.5131,3.87,94,74,22.5,broken clouds
491,Rudnogorsk,RU,57.2639,103.7519,-13.72,89,100,10.27,overcast clouds
492,Ishigaki,JP,24.3448,124.1572,66.2,59,40,11.5,scattered clouds
493,Raga,SS,8.4596,25.678,64.09,29,78,3.51,broken clouds
494,Tiznit,MA,29.5833,-9.5,48.2,53,0,2.73,clear sky
495,Varnavino,RU,57.4035,45.0916,-10.03,89,100,10.11,light snow
496,Kailua,US,21.4022,-157.7394,80.6,61,75,8.05,broken clouds
497,Samana,DO,19.2056,-69.3369,75.63,81,17,8.86,few clouds
498,Udachnyy,RU,66.4167,112.4,-27.08,82,100,11.77,overcast clouds
499,Ola,RU,59.5833,151.2833,-6.68,83,98,7.43,overcast clouds
500,Puerto Madero,MX,14.7208,-92.4215,78.8,94,20,2.13,few clouds
501,Kuching,MY,1.55,110.3333,78.8,94,40,6.91,scattered clouds
502,Siyabuswa,ZA,-25.1132,29.0445,71.96,75,97,5.1,overcast clouds
503,Vanimo,PG,-2.6741,141.3028,85.15,69,100,5.41,light rain
504,Itarantim,BR,-15.6597,-40.0656,67.98,95,3,1.74,clear sky
505,Khonsa,IN,27.0167,95.5667,56.21,74,0,0.6,clear sky
506,Glenview,US,42.0698,-87.7878,39,75,90,5.75,overcast clouds
507,Sol-Iletsk,RU,51.1631,54.9918,0.68,91,91,16.02,light snow
508,Quimper,FR,48,-4.1,50,93,90,12.66,mist
509,Viborg,DK,56.4532,9.402,30.99,80,90,13.8,overcast clouds
510,San Fernando,PH,15.0286,120.6898,82.4,61,75,11.5,broken clouds
511,Kikwit,CD,-5.041,18.8162,70.38,96,100,2.55,moderate rain
512,Ossora,RU,59.2353,163.0719,-6.03,87,100,2.48,overcast clouds
513,Dublin,US,37.7021,-121.9358,62.6,72,1,4.61,clear sky
514,Porto Novo,BJ,6.4965,2.6036,80.6,89,40,11.5,scattered clouds
515,Pangai,TO,-19.8,-174.35,84.2,79,40,11.5,scattered clouds
516,Diego De Almagro,CL,-26.3667,-70.05,58.28,60,32,0.92,scattered clouds
517,College,US,64.8569,-147.8028,-4,77,40,1.97,scattered clouds
518,Asfi,MA,32.2994,-9.2372,50.72,75,0,13.15,clear sky
519,Cheyenne,US,41.14,-104.8203,46.4,42,1,26.46,clear sky
520,Agar,IN,23.7,76.0167,51.06,43,0,5.59,clear sky
521,Podor,MR,16.6527,-14.9587,70.5,22,14,12.59,few clouds
522,Nizhnyaya Salda,RU,58.0776,60.7202,-11.31,88,0,4.27,clear sky
523,Aksu,CN,41.1231,80.2644,15.6,78,0,2.17,clear sky
524,Sibu,MY,2.3,111.8167,75.2,94,40,3.44,heavy intensity rain
525,Ciudad Bolivar,VE,8.1222,-63.5497,78.35,67,82,9.33,broken clouds
526,Luancheng,CN,37.8792,114.6517,28.4,69,64,4.47,dust
527,Chiredzi,ZW,-21.05,31.6667,70.86,92,57,3.51,broken clouds
528,Cayenne,GF,4.9333,-52.3333,78.8,83,75,5.75,broken clouds
529,Rodos,GR,36.4408,28.2225,55,82,75,5.75,broken clouds
530,Husavik,IS,66.0449,-17.3389,39.2,70,90,8.05,overcast clouds
531,Statesboro,US,32.4488,-81.7832,44.6,87,90,6.22,overcast clouds
532,Karpogory,RU,64.0019,44.4451,-18.44,88,22,4.16,few clouds
533,Shu,KZ,43.5983,73.7614,8.19,92,60,2.35,broken clouds
534,Hope,US,33.6671,-93.5916,42.01,58,0,7.61,clear sky
535,Praya,CV,14.9215,-23.5087,69.8,73,75,20.71,broken clouds
536,Togur,RU,58.3631,82.8265,-6.16,91,100,9.57,overcast clouds
537,Aras,ES,42.5617,-2.356,32,93,0,8.05,clear sky
538,Moosomin,CA,50.1333,-101.6677,34.66,85,59,12.64,broken clouds
539,La Union,PE,-5.4,-80.75,75.18,70,100,15.79,overcast clouds
540,Pozo Colorado,PY,-23.4923,-58.7972,77.43,89,100,5.59,overcast clouds
541,Isla Vista,US,34.4133,-119.861,66,82,1,3.27,clear sky
542,Great Falls,US,47.5002,-111.3008,30.99,80,90,10.36,overcast clouds
543,Jacareacanga,BR,-6.2222,-57.7528,74.19,92,100,1.07,overcast clouds
544,Veraval,IN,20.9,70.3667,67.75,37,0,7.92,clear sky
545,Muravlenko,RU,63.7898,74.523,-1.89,87,2,18.86,clear sky
546,Vardo,NO,70.3705,31.1107,20.37,95,100,19.8,overcast clouds
547,Biak,ID,-0.9131,122.8766,84.81,66,40,1.61,scattered clouds
548,Shache,CN,38.4167,77.2406,32.86,59,0,8.59,clear sky
549,Honiara,SB,-9.4333,159.95,86.79,61,100,7.23,overcast clouds
550,Pasighat,IN,28.0667,95.3333,62.92,57,0,0.92,clear sky
551,San Felipe,VE,10.3399,-68.7425,67.1,91,19,1.52,few clouds
552,Puerto Quijarro,BO,-17.7833,-57.7667,75.42,93,100,2.53,light rain
553,Kerman,IR,30.2832,57.0788,24.8,33,0,4.61,clear sky
554,Masvingo,ZW,-20.0637,30.8277,64.98,96,91,4.21,overcast clouds
555,Ust-Maya,RU,60.4167,134.5333,-41.96,79,95,0.83,overcast clouds
556,Alofi,NU,-19.0595,-169.9187,86,70,75,11.5,light rain
